# VTS, cdf
1044.0, 0.983900791400606
940.0, 0.977897487734523
663.0, 0.962422852822498
1036.0, 0.983526868995669
659.0, 0.961950313519555
242.0, 0.87610430380579
564.0, 0.948160383948456
322.0, 0.910595563883205
589.0, 0.951603757303814
1053.0, 0.984258277655876
585.0, 0.951131218000871
442.0, 0.928806817714882
178.0, 0.857934140348282
560.0, 0.947552246410756
225.0, 0.871058405857844
1045.0, 0.983954208887026
238.0, 0.874723667233714
314.0, 0.909136855600207
297.0, 0.905541447860424
511.0, 0.939823147029577
1139.0, 0.987072968286449
957.0, 0.979068563398338
788.0, 0.969252073009377
434.0, 0.927586433602064
722.0, 0.966042914786782
204.0, 0.865950872348644
234.0, 0.873490956008645
784.0, 0.969038403063698
532.0, 0.943159685412095
306.0, 0.907632947905624
528.0, 0.94251867557506
332.0, 0.912296705373799
426.0, 0.926460557349835
289.0, 0.903273259206298
1198.0, 0.99027390843421
1020.0, 0.982750260923876
945.0, 0.978226210727875
879.0, 0.974187026947067
503.0, 0.938643853290928
710.0, 0.965356705538161
409.0, 0.924101969872538
1190.0, 0.989513736512085
281.0, 0.899932611786363
200.0, 0.864800341871913
1099.0, 0.985914219734885
946.0, 0.978296064363962
264.0, 0.888780684236911
669.0, 0.962924155387359
1180.0, 0.988848072450548
1075.0, 0.985092412251506
1008.0, 0.982129796273925
867.0, 0.973504926735863
418.0, 0.925334681097606
690.0, 0.964222611211098
324.0, 0.911014685699728
756.0, 0.967645439379371
401.0, 0.922971984582892
752.0, 0.967419442321442
934.0, 0.977589309928256
22.0, 0.620292070379593
657.0, 0.961753079723544
273.0, 0.895379798328444
591.0, 0.951788663987574
1156.0, 0.98768110582415
1051.0, 0.98414733364562
913.0, 0.97627441795485
299.0, 0.906104385986539
678.0, 0.963561056186978
393.0, 0.921694073946237
256.0, 0.883307446397607
376.0, 0.919056071924591
980.0, 0.980539598793587
914.0, 0.976344271590937
839.0, 0.971799676207852
252.0, 0.880862569134555
579.0, 0.950350500891661
637.0, 0.958539812463532
1201.0, 0.990799865223573
1116.0, 0.986460721711332
976.0, 0.980268402324072
901.0, 0.97554711833206
835.0, 0.971610660486674
1193.0, 0.989698643195845
291.0, 0.903893723856249
538.0, 0.944067782681229
29.0, 0.658037688091188
385.0, 0.920436708496668
902.0, 0.975604644855896
559.0, 0.947383775876663
41.0, 0.709597889598383
505.0, 0.938906831685609
368.0, 0.918000049308449
21.0, 0.613598448427471
625.0, 0.95519505600618
1092.0, 0.985712876901457
1078.0, 0.985215683374013
488.0, 0.936248284476878
248.0, 0.878717651602935
526.0, 0.942251588142962
360.0, 0.916718029634378
547.0, 0.945399110804303
1137.0, 0.987015441762613
1054.0, 0.984278822842961
762.0, 0.967941290073387
40.0, 0.706483239236376
497.0, 0.937682338535375
1135.0, 0.986982569463278
55.0, 0.751078622321935
480.0, 0.935011464214393
28.0, 0.653172587789584
123.0, 0.83598366246723
39.0, 0.703167246040942
352.0, 0.915456555147391
1113.0, 0.986382650000411
919.0, 0.976615468060452
750.0, 0.967324934460853
684.0, 0.963914433404831
472.0, 0.933832170475744
986.0, 0.980876539861772
920.0, 0.976689430733956
845.0, 0.972173598612789
54.0, 0.747853027949672
1178.0, 0.988737128440292
1095.0, 0.985819711874296
982.0, 0.980650542803843
907.0, 0.975921040736997
841.0, 0.971955819629694
672.0, 0.963154261482705
730.0, 0.966478472752973
121.0, 0.834734515092494
38.0, 0.699460894290903
1071.0, 0.984936268829664
174.0, 0.856800046021219
53.0, 0.74457401609099
464.0, 0.932463861015918
908.0, 0.976007330522752
631.0, 0.956329150333243
1154.0, 0.987598925075812
887.0, 0.974721201811264
652.0, 0.961128506036176
718.0, 0.965775827354684
557.0, 0.94708381614523
349.0, 0.914914162208361
4.0, 0.374699013009212
954.0, 0.978871329602327
813.0, 0.970488893271862
52.0, 0.741192278296886
170.0, 0.855571443833568
619.0, 0.954648554029733
553.0, 0.946418152083693
1031.0, 0.983276217713238
875.0, 0.973936375664637
640.0, 0.959497218181669
298.0, 0.90582497144219
70.0, 0.779854211352449
230.0, 0.87242671531767
166.0, 0.854108626513153
942.0, 0.97802075885703
876.0, 0.974022665450392
801.0, 0.96990951899608
599.0, 0.952655670882539
341.0, 0.913640360609124
1200.0, 0.990614958539813
333.0, 0.912444630720807
226.0, 0.871383019813778
68.0, 0.777335371415892
290.0, 0.903577327975149
525.0, 0.942103662795953
864.0, 0.973299474865018
316.0, 0.909576522603815
521.0, 0.941442107771833
410.0, 0.924212913882794
162.0, 0.852777298390079
587.0, 0.951385978320719
1134.0, 0.986949697163942
175.0, 0.857079460565568
222.0, 0.870277688748634
1209.0, 0.994087095157088
1176.0, 0.988634402504869
1126.0, 0.986731918180847
265.0, 0.889586055570622
325.0, 0.911142065859652
445.0, 0.929262920868157
308.0, 0.908023306460229
724.0, 0.966149749759621
402.0, 0.923111691855066
749.0, 0.967300280236352
1185.0, 0.989152141219398
428.0, 0.9267194267071
745.0, 0.967148245851927
171.0, 0.855838531265666
218.0, 0.869312064955663
720.0, 0.965915534626858
650.0, 0.960857309566661
300.0, 0.906330383044468
394.0, 0.921846108330662
257.0, 0.883915583935307
1175.0, 0.988589203093283
1070.0, 0.984911614605163
881.0, 0.974293861919907
283.0, 0.900918780766418
646.0, 0.960364225076634
377.0, 0.919171124972264
1167.0, 0.988153645127092
1151.0, 0.987483872028139
1062.0, 0.98462398198598
437.0, 0.928067190979841
948.0, 0.978439880673553
882.0, 0.974351388443743
807.0, 0.970193042577846
420.0, 0.925626422754206
1052.0, 0.984196642094623
944.0, 0.978160466129205
869.0, 0.973607652671285
803.0, 0.969995808781835
292.0, 0.904173138400598
692.0, 0.964288355809768
386.0, 0.920609288068177
412.0, 0.924492328427143
275.0, 0.896674145114765
506.0, 0.93903832088295
369.0, 0.91813153850579
870.0, 0.973689833419623
593.0, 0.951981788746168
395.0, 0.922018687902172
489.0, 0.936424973085805
618.0, 0.954574591356229
1111.0, 0.986312796364324
1028.0, 0.983152946590732
849.0, 0.972411922782969
614.0, 0.954139033390038
361.0, 0.916878282093637
680.0, 0.963692545384318
267.0, 0.891048872891037
344.0, 0.914133445099151
519.0, 0.9411421480404
916.0, 0.976455215601193
581.0, 0.950675114847596
515.0, 0.940410739380193
775.0, 0.968623390284592
404.0, 0.923378779287164
498.0, 0.937838481957217
1073.0, 0.985030776690253
912.0, 0.976200455281346
837.0, 0.971705168347263
387.0, 0.920753104377768
771.0, 0.968409720338913
481.0, 0.93520047993557
842.0, 0.971988691929029
259.0, 0.885144186122959
27.0, 0.648471848984657
353.0, 0.915612698569233
751.0, 0.967353697722771
838.0, 0.971758585833683
37.0, 0.695372402061093
473.0, 0.934008859084671
336.0, 0.912908951948916
561.0, 0.947724825982265
379.0, 0.919495738928199
1049.0, 0.984077480009533
456.0, 0.931185950379264
1213.0, 0.999991781925166
999.0, 0.98167369312065
739.0, 0.966897594569496
1205.0, 0.991560037145698
995.0, 0.981418932800802
3.0, 0.32955301890979
549.0, 0.945768924171823
1114.0, 0.986407304224912
371.0, 0.91836986267597
698.0, 0.964621187840537
36.0, 0.69130034598095
465.0, 0.932636440587428
2.0, 0.271253996038888
863.0, 0.973250166416015
491.0, 0.936774241266241
51.0, 0.737835194727283
448.0, 0.929780659582686
35.0, 0.686690005999195
1090.0, 0.985647132302787
686.0, 0.964045922602171
620.0, 0.954751279965155
440.0, 0.928498639908615
711.0, 0.965406013987163
1066.0, 0.984788343482656
707.0, 0.965200562116319
922.0, 0.976808592819046
781.0, 0.968931568090859
483.0, 0.935475785442502
50.0, 0.734815052225866
843.0, 0.972029782303198
66.0, 0.77478365918
608.0, 0.953600749488425
34.0, 0.682137192541275
831.0, 0.97140520861583
158.0, 0.851335026256749
49.0, 0.731811345874116
432.0, 0.927302910020299
910.0, 0.976081293196256
844.0, 0.972099635939285
567.0, 0.948690449775236
769.0, 0.968327539590575
1026.0, 0.98306254776756
654.0, 0.961428465767609
1005.0, 0.981998307076584
317.0, 0.909761429287575
64.0, 0.771919660100425
890.0, 0.974901999457607
832.0, 0.971458626102249
94.0, 0.809431062679257
580.0, 0.950514862388337
154.0, 0.849888645086002
48.0, 0.729050072729962
555.0, 0.946746875077044
811.0, 0.970406712523524
642.0, 0.959842377324688
167.0, 0.854498985067758
63.0, 0.770329462620087
214.0, 0.868399858649113
543.0, 0.944774537116935
576.0, 0.949894397738386
1195.0, 0.989863004692521
1112.0, 0.98635799577591
993.0, 0.981324424940214
878.0, 0.974137718498065
812.0, 0.97045191193511
309.0, 0.908216431218823
717.0, 0.965722409868264
429.0, 0.926908442428277
92.0, 0.806690334722188
1171.0, 0.988350878923103
1121.0, 0.98660864705834
1088.0, 0.985581387704116
973.0, 0.980095822752562
713.0, 0.965521067034836
163.0, 0.853167656944684
301.0, 0.906494744541144
210.0, 0.867426016781309
62.0, 0.768722828990081
1202.0, 0.990960117682832
800.0, 0.969880755734162
523.0, 0.941816030176771
223.0, 0.870594084629735
284.0, 0.901362556807442
90.0, 0.804007133288956
206.0, 0.866411084539336
159.0, 0.851713057699103
1097.0, 0.985873129360716
1087.0, 0.98552386118028
1048.0, 0.984048716747615
961.0, 0.979360305054938
759.0, 0.967768710501878
421.0, 0.925757911951546
293.0, 0.904477207169448
7.0, 0.462172201540067
88.0, 0.801249969182219
276.0, 0.897187774791877
660.0, 0.962032494267893
685.0, 0.963980178003501
219.0, 0.869538062013593
413.0, 0.924640253774151
1162.0, 0.987985174593
1057.0, 0.984393875890634
1024.0, 0.982951603757304
825.0, 0.971080594659895
155.0, 0.850254349416106
490.0, 0.936609879769565
202.0, 0.865424915559281
747.0, 0.96720988141318
118.0, 0.832601924673126
396.0, 0.922224139773017
1138.0, 0.987040095987114
215.0, 0.86865461896896
586.0, 0.951254489123378
268.0, 0.891796717700911
1047.0, 0.984015844448279
574.0, 0.949586219932119
582.0, 0.950798385970103
673.0, 0.963207678969125
648.0, 0.960614876359064
1033.0, 0.98336661653641
405.0, 0.92354314078384
884.0, 0.974495204753335
388.0, 0.920942120098946
116.0, 0.831044599492123
482.0, 0.935315532983243
805.0, 0.97009442567984
508.0, 0.939297190240214
211.0, 0.867725976512742
260.0, 0.885781086922578
628.0, 0.955634723009788
1098.0, 0.985889565510384
810.0, 0.970340967924854
793.0, 0.969535596591143
286.0, 0.902151491991486
380.0, 0.91969297272421
872.0, 0.973767905130544
806.0, 0.970131407016592
363.0, 0.917202896049571
457.0, 0.931301003426937
554.0, 0.946590731655202
529.0, 0.942715909371071
616.0, 0.954373248522801
1192.0, 0.989641116672008
1149.0, 0.987405800317218
967.0, 0.979709573235374
500.0, 0.938163095913151
1184.0, 0.989082287583311
1141.0, 0.987155149034787
963.0, 0.979483576177445
955.0, 0.978949401313248
852.0, 0.972596829466729
278.0, 0.898264342595104
372.0, 0.918513678985561
517.0, 0.940813425047048
1017.0, 0.982610553651702
773.0, 0.968496010124668
492.0, 0.936897512388748
355.0, 0.915867458889081
449.0, 0.929969675303863
753.0, 0.967476968845278
475.0, 0.934247183254851
778.0, 0.968758988519349
840.0, 0.971902402143274
347.0, 0.914577221140176
33.0, 0.677218674753252
774.0, 0.968553536648505
679.0, 0.963618582710814
1128.0, 0.986768899517599
1085.0, 0.98547044369386
935.0, 0.977646836452093
675.0, 0.96335971335355
484.0, 0.935615492714677
741.0, 0.96702497472942
1077.0, 0.985178702037261
997.0, 0.981546312960726
467.0, 0.933010362992365
1002.0, 0.981866817879244
339.0, 0.91334040087769
32.0, 0.672304266002646
1104.0, 0.986074472194144
998.0, 0.981595621409729
799.0, 0.969839665359993
721.0, 0.965964843075861
459.0, 0.931642053532539
47.0, 0.726477815306986
647.0, 0.960499823311391
622.0, 0.954948513761166
709.0, 0.965295069976907
643.0, 0.959973866522029
548.0, 0.945608671712565
451.0, 0.930302507334632
46.0, 0.723950757295596
1023.0, 0.982902295308301
61.0, 0.766980597125317
544.0, 0.944901917276859
779.0, 0.968832951192854
610.0, 0.953793874247019
1131.0, 0.986867516415604
45.0, 0.721226465488195
1212.0, 0.999913710214245
846.0, 0.97225167032371
5.0, 0.410406548162028
590.0, 0.951702374201819
1107.0, 0.986173089092149
941.0, 0.97795501425836
772.0, 0.96846724686275
285.0, 0.901810441885884
60.0, 0.764901424192369
1188.0, 0.989349375015409
1083.0, 0.985380044870689
1003.0, 0.981907908253413
834.0, 0.971565461075089
86.0, 0.798718802133412
735.0, 0.966741451147654
768.0, 0.968278231141573
516.0, 0.940603864138787
44.0, 0.718350139296368
991.0, 0.981168281518372
578.0, 0.950182030357568
151.0, 0.848840840544694
59.0, 0.762772942810417
512.0, 0.939966963339168
1166.0, 0.988124881865174
1004.0, 0.981957216702415
929.0, 0.977260586934905
1197.0, 0.990158855386537
1158.0, 0.987796158871823
1148.0, 0.987381146092716
917.0, 0.976516851162447
814.0, 0.970521765571197
277.0, 0.897767149067659
653.0, 0.961288758495435
303.0, 0.906987829031171
397.0, 0.922388501269693
84.0, 0.796150653747853
1082.0, 0.985359499683604
1043.0, 0.983867919101271
992.0, 0.981225808042208
114.0, 0.829503710460787
147.0, 0.847435549748116
740.0, 0.966963339168166
269.0, 0.892519908286285
58.0, 0.760151376938438
715.0, 0.965636120082509
1124.0, 0.986682609731844
1074.0, 0.985063648989588
971.0, 0.979968442592638
802.0, 0.969954718407666
207.0, 0.866632972559848
254.0, 0.882173352070544
82.0, 0.793779739158305
703.0, 0.964991001208057
736.0, 0.966790759596657
542.0, 0.944630720807344
143.0, 0.845870006492279
641.0, 0.959665688715761
1157.0, 0.987730414273152
897.0, 0.975345775498632
604.0, 0.95314464633515
295.0, 0.905027818183312
9.0, 0.49921928289079
389.0, 0.921069500258869
1133.0, 0.986916824864607
509.0, 0.939477987886558
112.0, 0.8279258400927
261.0, 0.886528931732452
964.0, 0.979528775589031
621.0, 0.954825242638659
287.0, 0.902562395733176
203.0, 0.865679675879129
381.0, 0.919845007108635
80.0, 0.791441696868092
250.0, 0.879777783256494
960.0, 0.979286342381434
683.0, 0.963856906880994
270.0, 0.893238989834241
110.0, 0.826352078762029
364.0, 0.917354930433997
139.0, 0.844172974039102
766.0, 0.968171396168733
199.0, 0.864541472514649
522.0, 0.941655777717512
609.0, 0.953711693498681
501.0, 0.938286367035658
584.0, 0.951044928215116
1093.0, 0.985749858238209
373.0, 0.918653386257735
572.0, 0.949323241537437
279.0, 0.898909461469556
923.0, 0.9768702283803
820.0, 0.970817616265214
399.0, 0.922676133888875
262.0, 0.887256231355243
493.0, 0.937078310035091
356.0, 0.916077019797342
108.0, 0.824626283046933
985.0, 0.980827231412769
195.0, 0.863370396850834
382.0, 0.919960060156308
148.0, 0.847825908302721
476.0, 0.934390999564442
746.0, 0.967172900076428
348.0, 0.914745691674268
255.0, 0.882740399234075
1179.0, 0.988782327851877
808.0, 0.970262896213933
331.0, 0.912132343877123
734.0, 0.966688033661235
796.0, 0.969699958087818
12.0, 0.53879753129032
485.0, 0.935763418061685
552.0, 0.9462496815496
391.0, 0.921365350952886
1064.0, 0.984710271771735
903.0, 0.975670389454566
144.0, 0.846268583121718
468.0, 0.933174724489041
635.0, 0.957598842895063
374.0, 0.918760221230575
1155.0, 0.987635906412564
965.0, 0.979598629225118
891.0, 0.974955416944027
251.0, 0.880295521971023
697.0, 0.964592424578618
340.0, 0.913508871411783
970.0, 0.979890370881717
953.0, 0.978813803078491
366.0, 0.91765489016543
460.0, 0.931794087916965
323.0, 0.910784579604382
1040.0, 0.983748757016181
966.0, 0.979643828636704
958.0, 0.979126089922175
443.0, 0.928962961136724
714.0, 0.96558270259609
1204.0, 0.991309385863268
1115.0, 0.986444285561664
776.0, 0.968668589696178
315.0, 0.909375179770387
1196.0, 0.990019148114363
71.0, 0.781177321400689
615.0, 0.954225323175793
1012.0, 0.982351684294437
871.0, 0.973730923793792
358.0, 0.916405742790694
452.0, 0.930491523055809
677.0, 0.963503529663141
603.0, 0.953021375212643
1091.0, 0.985692331714373
933.0, 0.977511238217335
478.0, 0.934703286408126
435.0, 0.927734358949073
665.0, 0.962574887206923
938.0, 0.977811197948768
307.0, 0.907817854589384
1000.0, 0.981747655794154
566.0, 0.94852608827856
69.0, 0.778711898950552
427.0, 0.926604373659426
583.0, 0.950938093242277
470.0, 0.933482902295308
67.0, 0.77609444211599
645.0, 0.960199863579958
1207.0, 0.992188719870483
419.0, 0.925478497407197
1199.0, 0.990425942818635
959.0, 0.979216488745347
546.0, 0.945214204120543
57.0, 0.75735723149495
1102.0, 0.986029272782558
173.0, 0.856500086289786
534.0, 0.943467863218363
65.0, 0.773435894907259
1177.0, 0.988696038066123
1094.0, 0.985786839574961
1084.0, 0.985417026207441
885.0, 0.974589712613923
95.0, 0.810704864278494
782.0, 0.968976767502445
947.0, 0.978365918000049
56.0, 0.754263126320028
708.0, 0.965249870565321
1153.0, 0.987545507589392
1143.0, 0.987208566521207
1060.0, 0.984508928938307
78.0, 0.789165290139132
671.0, 0.963076189771784
704.0, 0.96504030965706
169.0, 0.855259156989884
770.0, 0.968368629964744
696.0, 0.964534898054782
927.0, 0.977129097737564
514.0, 0.940291577295103
135.0, 0.842360888538251
758.0, 0.967723511090292
93.0, 0.808066862256848
1038.0, 0.983646031080759
1006.0, 0.982055833600421
865.0, 0.973352892351438
597.0, 0.952450219011694
165.0, 0.853759358332717
1119.0, 0.986551120534504
1069.0, 0.984891069418078
1030.0, 0.98324745445132
853.0, 0.972666683102816
932.0, 0.977449602656082
915.0, 0.976389471002523
365.0, 0.917511073855839
76.0, 0.786806702661834
271.0, 0.893884108708694
994.0, 0.981353188202132
928.0, 0.977186624261401
106.0, 0.822904596369255
131.0, 0.840400877690392
676.0, 0.963433676027054
651.0, 0.961001125876252
161.0, 0.852386939835474
738.0, 0.966872940344995
191.0, 0.86215823081285
74.0, 0.784534404970292
639.0, 0.959299984385658
221.0, 0.870055800728121
577.0, 0.950062868272479
1029.0, 0.983185818890067
974.0, 0.980145131201565
833.0, 0.971483280326751
540.0, 0.944375960487496
263.0, 0.888024621352202
8.0, 0.482721497661958
357.0, 0.916233163219184
565.0, 0.94835350870705
383.0, 0.920103876465899
477.0, 0.934563579135952
104.0, 0.820948694558813
627.0, 0.955437489213777
6.0, 0.438882177461108
1.0, 0.174917613799791
1214.0, 1.0
900.0, 0.975501918920474
140.0, 0.844575659705957
187.0, 0.860785812315607
72.0, 0.782307306690335
962.0, 0.979442485803276
896.0, 0.975288248974795
217.0, 0.869086067897734
247.0, 0.878220458075491
102.0, 0.818931157187117
702.0, 0.964937583721637
183.0, 0.859446266117699
764.0, 0.96805634312106
545.0, 0.945070387810951
375.0, 0.918904037540166
469.0, 0.933326758873466
520.0, 0.941281855312574
495.0, 0.937382378803941
136.0, 0.842780010354774
1174.0, 0.988552221756531
925.0, 0.976993499502806
859.0, 0.973007733208419
196.0, 0.863670356582267
367.0, 0.917876778185942
243.0, 0.87646179006106
461.0, 0.931942013263973
100.0, 0.816864311366419
1150.0, 0.98745510876622
921.0, 0.97676339340746
350.0, 0.915103177929538
132.0, 0.840939161592005
444.0, 0.929143758783067
179.0, 0.85820122778038
926.0, 0.977063353138894
239.0, 0.875097589638651
682.0, 0.963807598431991
1140.0, 0.987114058660618
988.0, 0.981008029059113
847.0, 0.97230508781013
487.0, 0.93610035912987
15.0, 0.568370273579711
744.0, 0.967107155477758
670.0, 0.962977572873779
1132.0, 0.986892170640106
192.0, 0.862491062843618
732.0, 0.966577089650978
359.0, 0.916590649474454
11.0, 0.526984048716748
453.0, 0.930668211664735
1035.0, 0.983469342471833
571.0, 0.949183534265263
479.0, 0.934863538867385
342.0, 0.913849921517385
128.0, 0.838901079033226
436.0, 0.927886393333498
1110.0, 0.986267596952738
1027.0, 0.983124183328813
893.0, 0.9750704699917
827.0, 0.971158666370816
235.0, 0.873832006114248
633.0, 0.956867434234856
462.0, 0.932098156685815
658.0, 0.961851696621549
188.0, 0.861126862421209
1191.0, 0.989567153998504
906.0, 0.975859405175744
889.0, 0.974860909083438
334.0, 0.912596665105232
968.0, 0.979787644946295
894.0, 0.975123887478119
411.0, 0.924364948267219
1076.0, 0.985133502625675
956.0, 0.979011036874502
815.0, 0.970546419795699
712.0, 0.965447104361332
471.0, 0.933643154754567
1068.0, 0.98486230615616
184.0, 0.859766771036217
551.0, 0.94606477486584
454.0, 0.930824355086577
326.0, 0.911331081580829
605.0, 0.953259699382823
613.0, 0.954048634566866
539.0, 0.944232144177905
244.0, 0.876876802840167
446.0, 0.92943139140225
403.0, 0.923230853940156
601.0, 0.952857013715967
1129.0, 0.986801771816934
874.0, 0.973870631065966
936.0, 0.977696144901095
20.0, 0.60678566439026
527.0, 0.942378968302885
240.0, 0.875401658407502
91.0, 0.805359006599114
1194.0, 0.989768496831932
438.0, 0.928178134990097
763.0, 0.967998816597224
1089.0, 0.985606041928618
1079.0, 0.985256773748182
664.0, 0.962488597421168
1170.0, 0.988313897586351
1065.0, 0.984759580220738
895.0, 0.975193741114207
726.0, 0.966256584732461
89.0, 0.802684023240716
507.0, 0.939161592005457
119.0, 0.833316897183666
157.0, 0.850961103851812
1055.0, 0.984324022254547
821.0, 0.970866924714216
743.0, 0.967061956066172
87.0, 0.799980276620399
1130.0, 0.986842862191103
883.0, 0.974425351117247
888.0, 0.974799273522185
644.0, 0.960113573794203
499.0, 0.937994625379059
1025.0, 0.98299680316889
950.0, 0.978600133132812
809.0, 0.970299877550685
607.0, 0.953452824141417
117.0, 0.831870516012919
153.0, 0.849568140167484
706.0, 0.965163580779567
632.0, 0.956600346802758
1106.0, 0.986148434867648
213.0, 0.868169752553767
694.0, 0.964411626932275
85.0, 0.797301184224584
533.0, 0.943336374021022
115.0, 0.830276209495164
149.0, 0.848142304183822
855.0, 0.972789954225323
789.0, 0.969297272420963
595.0, 0.952216003878931
868.0, 0.973541908072615
851.0, 0.972535193905476
930.0, 0.977297568271657
856.0, 0.972818717487241
612.0, 0.953974671893362
209.0, 0.867158929349211
98.0, 0.814542705225874
918.0, 0.976566159611449
674.0, 0.963265205492961
777.0, 0.968722007182597
575.0, 0.949771126615879
282.0, 0.900396933014472
113.0, 0.82875997468833
145.0, 0.846704141087909
757.0, 0.967682420716123
513.0, 0.940160088097762
205.0, 0.866160433256905
1013.0, 0.982388665631189
1160.0, 0.987870121545327
96.0, 0.812015647214483
563.0, 0.948016567638865
351.0, 0.915267539426214
1152.0, 0.987524962402308
1136.0, 0.987003114650362
1086.0, 0.985495097918362
836.0, 0.971672296047928
126.0, 0.837758766631329
274.0, 0.896066007577065
1001.0, 0.98180518231799
898.0, 0.975395083947634
201.0, 0.865166046202017
231.0, 0.872722566011686
1169.0, 0.988252262025098
638.0, 0.958987697541974
737.0, 0.966827740933409
266.0, 0.890268155781826
1161.0, 0.987935866143997
1145.0, 0.987278420157294
700.0, 0.96480198548688
343.0, 0.913973192639892
725.0, 0.966199058208624
463.0, 0.932262518182491
124.0, 0.836521946368844
1096.0, 0.985852584173632
1046.0, 0.983982972148944
861.0, 0.973139222405759
795.0, 0.969634213489148
626.0, 0.955322436166104
180.0, 0.85850529654923
335.0, 0.912736372377407
227.0, 0.871617234946541
1210.0, 0.995623875151007
1127.0, 0.986760681442765
857.0, 0.972876244011078
258.0, 0.884568920884594
318.0, 0.909958663083586
122.0, 0.835383743004364
688.0, 0.964160975649844
862.0, 0.973192639892179
378.0, 0.919302614169605
1105.0, 0.986103235456062
924.0, 0.97693597297897
705.0, 0.96510605425573
455.0, 0.931001043695504
14.0, 0.559223556289704
606.0, 0.953358316280828
783.0, 0.969026075951448
1186.0, 0.989209667743234
1103.0, 0.986053927007059
176.0, 0.857371202222167
668.0, 0.962825538489353
327.0, 0.911499552114922
10.0, 0.513843347057518
1019.0, 0.982729715736791
850.0, 0.972473558344222
236.0, 0.874070330284428
447.0, 0.929542335412506
310.0, 0.908417774052251
573.0, 0.949446512659944
120.0, 0.834101723330293
829.0, 0.97128604653074
370.0, 0.918267136740547
430.0, 0.927076912962369
594.0, 0.952084514681591
172.0, 0.856154927146767
569.0, 0.949019172768587
1063.0, 0.984665072360149
656.0, 0.961646244750705
302.0, 0.906728959673907
1007.0, 0.982105142049423
904.0, 0.97574435212807
830.0, 0.971339464017159
19.0, 0.599734556182869
892.0, 0.975012943467863
817.0, 0.970673799955622
345.0, 0.914277261408742
232.0, 0.872923908845114
439.0, 0.928317842262272
1039.0, 0.983707666642012
731.0, 0.966535999276809
328.0, 0.911639259387096
422.0, 0.925868855961802
168.0, 0.854856471323028
987.0, 0.980950502535276
818.0, 0.970710781292374
541.0, 0.944486904497752
228.0, 0.871859668154138
294.0, 0.904736076526713
880.0, 0.97423633539607
537.0, 0.943944511558722
414.0, 0.924841596607579
1189.0, 0.98942744672633
719.0, 0.965866226177856
26.0, 0.643097228043359
337.0, 0.91303633210884
1208.0, 0.992981764091944
975.0, 0.980190330613151
320.0, 0.910291495114354
18.0, 0.592486214179466
83.0, 0.794856306961531
224.0, 0.87081186361283
1165.0, 0.988075573416172
406.0, 0.923674629981181
765.0, 0.968101542532646
699.0, 0.964686932439207
312.0, 0.908795805494605
761.0, 0.967875545474717
1050.0, 0.984118570383702
600.0, 0.95273374259346
666.0, 0.962694049292013
1168.0, 0.988219389725763
1125.0, 0.986715482031179
1042.0, 0.983814501614852
25.0, 0.638137619881167
81.0, 0.792620990606741
687.0, 0.964115776238258
662.0, 0.962303690737408
304.0, 0.907189171864599
141.0, 0.845052308046317
111.0, 0.827132795871239
823.0, 0.970973759687056
79.0, 0.790340474840364
588.0, 0.951492813293558
424.0, 0.926152379543568
1101.0, 0.985992291445806
819.0, 0.970780634928462
1211.0, 0.997929045141885
824.0, 0.971043613323143
886.0, 0.97464723913776
634.0, 0.957204375303041
109.0, 0.825407000156143
137.0, 0.843252549657717
568.0, 0.94888357453383
150.0, 0.848499790439092
416.0, 0.925071702702925
197.0, 0.86395798920145
630.0, 0.956107262312731
77.0, 0.787977778325649
1187.0, 0.989283630416739
981.0, 0.98060123435484
107.0, 0.823701749628132
535.0, 0.943628115677621
133.0, 0.841424028007199
791.0, 0.96943287065572
556.0, 0.946890691386636
531.0, 0.942962451616084
1072.0, 0.98498146824125
804.0, 0.970061553380505
787.0, 0.969202764560374
1147.0, 0.987340055718547
969.0, 0.979849280507548
866.0, 0.973443291174609
858.0, 0.972950206684582
792.0, 0.969473961029889
146.0, 0.847090390605097
193.0, 0.862791022575052
767.0, 0.968220704617736
854.0, 0.972748863851154
253.0, 0.881528233196092
105.0, 0.821914318351783
129.0, 0.839427035822588
1081.0, 0.985318409309435
693.0, 0.964345882333605
142.0, 0.845442666600922
189.0, 0.861447367339727
1123.0, 0.986670282619594
1015.0, 0.982483173491778
949.0, 0.978534388534142
780.0, 0.968882259641856
755.0, 0.967575585743284
1032.0, 0.983309090012574
1011.0, 0.982306484882851
319.0, 0.910131242655096
1146.0, 0.987311292456629
1016.0, 0.982540700015614
249.0, 0.879218954167797
681.0, 0.963754180945572
937.0, 0.977749562387515
362.0, 0.91705907973998
138.0, 0.843696325698742
185.0, 0.860132475366321
1041.0, 0.983769302203266
198.0, 0.864233294708382
245.0, 0.877258943319938
1172.0, 0.988424841596608
1122.0, 0.986649737432509
727.0, 0.96631000221888
661.0, 0.962172201540067
636.0, 0.958030291823837
311.0, 0.908606789773428
1164.0, 0.988059137266504
723.0, 0.966104550348035
431.0, 0.927167311785541
996.0, 0.981488786436889
797.0, 0.969745157499404
164.0, 0.853447071489033
354.0, 0.915752405841408
562.0, 0.947880969404107
1181.0, 0.988901489936967
241.0, 0.875771471775022
649.0, 0.960758692668655
474.0, 0.934136239244595
194.0, 0.863095091343902
624.0, 0.955125202370093
1173.0, 0.988502913307529
798.0, 0.969794465948407
346.0, 0.914429295793167
860.0, 0.973089913956756
423.0, 0.925992127084309
13.0, 0.549579645472252
785.0, 0.969083602475284
550.0, 0.945904522406581
329.0, 0.911820057033439
1058.0, 0.984422639152552
160.0, 0.85200890839312
1021.0, 0.982816005522546
786.0, 0.969120583812036
220.0, 0.869784604258606
415.0, 0.924977194842336
466.0, 0.932788474971853
848.0, 0.972354396259132
338.0, 0.913180148418432
398.0, 0.922515881429616
530.0, 0.942814526269076
156.0, 0.850599508559125
596.0, 0.952326947889187
1034.0, 0.983415924985413
1022.0, 0.982861204934132
458.0, 0.931448928773945
321.0, 0.91045585661103
592.0, 0.951891389922997
1144.0, 0.987249656895376
1009.0, 0.982179104722928
943.0, 0.978115266717619
17.0, 0.585118710090974
441.0, 0.928638347180789
828.0, 0.971220301932069
518.0, 0.940994222693392
313.0, 0.908964276028698
216.0, 0.868897052176557
407.0, 0.923826664365606
1010.0, 0.982236631246764
667.0, 0.962768011965517
296.0, 0.905266142353492
390.0, 0.921233861755545
733.0, 0.966630507137398
152.0, 0.849194217762547
1203.0, 0.99110804302984
1120.0, 0.986592210908673
989.0, 0.981049119433282
931.0, 0.977383858057411
450.0, 0.93015869102504
510.0, 0.939662894570318
754.0, 0.967530386331698
212.0, 0.867968409720339
729.0, 0.966396292004635
816.0, 0.970595728244701
433.0, 0.927459053442141
1061.0, 0.984574673536977
990.0, 0.981090209807451
24.0, 0.632820525463705
305.0, 0.907435714109613
655.0, 0.961502428441113
1080.0, 0.985289646047517
977.0, 0.98036291018466
911.0, 0.976138819720092
742.0, 0.967045519916504
425.0, 0.926324959115078
288.0, 0.902923991025862
16.0, 0.576966379855855
408.0, 0.923991025862282
502.0, 0.938471273719419
75.0, 0.785635626998019
208.0, 0.866858969617777
1163.0, 0.988034483042003
1037.0, 0.983576177444672
978.0, 0.980436872858164
280.0, 0.899418982109251
701.0, 0.964880057197801
1056.0, 0.984361003591299
899.0, 0.975456719508888
494.0, 0.937226235382099
602.0, 0.952914540239803
31.0, 0.667480256075212
417.0, 0.925215519012516
536.0, 0.943763713912379
623.0, 0.955026585472087
400.0, 0.922807623086216
598.0, 0.952544726872283
23.0, 0.626546025328107
73.0, 0.783346893156809
689.0, 0.964189738911763
1206.0, 0.991814797465546
103.0, 0.819941980391673
272.0, 0.894693589079822
486.0, 0.935919561483527
524.0, 0.941939301299278
392.0, 0.92155847571148
611.0, 0.953884273070191
1182.0, 0.988946689348553
826.0, 0.971109357921813
760.0, 0.967822127988297
822.0, 0.970920342200636
570.0, 0.949105462554342
101.0, 0.817928552057395
30.0, 0.662808280532203
1067.0, 0.984817106744574
384.0, 0.920272346999992
181.0, 0.858792929168413
134.0, 0.841917112497226
43.0, 0.715629956526384
1142.0, 0.987171585184455
1059.0, 0.984476056638972
983.0, 0.980687524140595
99.0, 0.815648036291018
748.0, 0.967259189862183
504.0, 0.938758906338601
979.0, 0.98048207226975
558.0, 0.947272831866407
984.0, 0.980769704888933
909.0, 0.976027875709836
1118.0, 0.986514139197752
905.0, 0.975805987689324
794.0, 0.969597232152396
130.0, 0.839895466088114
42.0, 0.712786502633893
177.0, 0.857716361365187
728.0, 0.966355201630466
790.0, 0.969387671244134
496.0, 0.937509758963865
237.0, 0.874399053277779
97.0, 0.81326479458922
190.0, 0.86180074455758
1108.0, 0.986210070428901
972.0, 0.980038296228726
127.0, 0.838346358981945
695.0, 0.964473262493528
629.0, 0.955893592367052
1183.0, 0.988995997797556
1100.0, 0.985955310109054
951.0, 0.97868231388115
716.0, 0.965689537568929
691.0, 0.964263701585267
1117.0, 0.986493594010667
1018.0, 0.982672189212955
952.0, 0.978756276554654
877.0, 0.974067864861977
186.0, 0.860436544135171
233.0, 0.87321975953913
617.0, 0.95448008349564
1159.0, 0.987841358283409
1109.0, 0.986230615615986
1014.0, 0.982450301192443
939.0, 0.977844070248104
873.0, 0.973821322616964
246.0, 0.877723264548047
330.0, 0.911988527567532
125.0, 0.837138301981378
182.0, 0.859105216012097
229.0, 0.872176064035239
