# EPOCH, ratio, 
1288569601, 1.0
1288569901, 1.0
1288570201, 0.954545454545455
1288570501, 0.967741935483871
1288570801, 0.987012987012987
1288571101, 0.88
1288571401, 0.925925925925926
1288571701, 1.0
1288572001, 1.0
1288572301, 0.954545454545455
1288572601, 0.985507246376812
1288572901, 0.9
1288573201, 1.0
1288573501, 1.0
1288573801, 1.0
1288574101, 1.0
1288574401, 1.0
1288574701, 1.0
1288575002, 1.0
1288575301, 1.0
1288575601, 1.0
1288575901, 1.0
1288576201, 1.0
1288576501, 1.0
1288576801, 1.0
1288577101, 1.0
1288577401, 0.888888888888889
1288577701, 0.916666666666667
1288578001, 1.0
1288578301, 1.0
1288578601, 0.958333333333333
1288578901, 1.0
1288579201, 1.0
1288579501, 1.0
1288579801, 1.0
1288580102, 1.0
1288580401, 1.0
1288580701, 1.0
1288581001, 1.0
1288581301, 1.0
1288581601, 0.96969696969697
1288581901, 1.0
1288582201, 1.0
1288582501, 1.0
1288582801, 1.0
1288583101, 1.0
1288583401, 1.0
1288583701, 1.0
1288584001, 0.866666666666667
1288584301, 1.0
1288584601, 1.0
1288584901, 1.0
1288585201, 1.0
1288585501, 1.0
1288585801, 1.0
1288586101, 0.983333333333333
1288586401, 1.0
1288586701, 1.0
1288587001, 0.968253968253968
1288587301, 0.962962962962963
1288587601, 1.0
1288587901, 1.0
1288588201, 1.0
1288588501, 1.0
1288588801, 1.0
1288589101, 1.0
1288589401, 1.0
1288589701, 1.0
1288590001, 0.96
1288590301, 1.0
1288590601, 1.0
1288590901, 1.0
1288591201, 1.0
1288591501, 1.0
1288591802, 1.0
1288592102, 1.0
1288592401, 1.0
1288592701, 1.0
1288593001, 1.0
1288593301, 0.990476190476191
1288593601, 0.985714285714286
1288593901, 0.957746478873239
1288594201, 0.986111111111111
1288594501, 1.0
1288594801, 1.0
1288595101, 0.960674157303371
1288595401, 1.0
1288595701, 0.977011494252874
1288596001, 0.969298245614035
1288596301, 0.932330827067669
1288596601, 0.926070038910506
1288596901, 0.965397923875433
1288597201, 0.971014492753623
1288597501, 0.952662721893491
1288597801, 0.969014084507042
1288598101, 0.969444444444444
1288598401, 0.97624703087886
1288598701, 0.981744421906694
1288599001, 0.973568281938326
1288599301, 0.973557692307692
1288599601, 0.976923076923077
1288599902, 0.9695885509839
1288600201, 0.969879518072289
1288600501, 0.953033268101761
1288600801, 0.945299145299145
1288601101, 0.975177304964539
1288603199, 0.960518562168533
1288603801, 0.986842105263158
1288604101, 0.974063400576369
1288604401, 0.955729166666667
1288604701, 0.958791208791209
1288605001, 0.969387755102041
1288605301, 0.94269340974212
1288605601, 0.974533106960951
1288605901, 0.983991462113127
1288606201, 0.974121996303142
1288606501, 0.979166666666667
1288606801, 0.976082004555809
1288607101, 0.955074875207987
1288607401, 0.963093145869947
1288607701, 0.984631147540984
1288608001, 0.957773512476008
1288608301, 0.919385796545106
1288608601, 0.955580865603645
1288608901, 0.944741532976827
1288609201, 0.925490196078431
1288609501, 0.948621553884712
1288609801, 0.90846286701209
1288610101, 0.952813067150635
1288610401, 0.961992136304063
1288610701, 0.94675540765391
1288611001, 0.935613682092555
1288611301, 0.957723577235772
1288611601, 0.919463087248322
1288611901, 0.933920704845815
1288612201, 0.957410562180579
1288612501, 0.940594059405941
1288612801, 0.938697318007663
1288613102, 0.962616822429907
1288613401, 0.952848722986248
1288613701, 0.975655430711611
1288614001, 0.981845688350983
1288614301, 0.947826086956522
1288614601, 0.955665024630542
1288614902, 0.984635083226633
1288615201, 0.943639291465378
1288615501, 0.938271604938272
1288615801, 0.968515742128936
1288616101, 0.964028776978417
1288616401, 0.972727272727273
1288616701, 0.966292134831461
1288617001, 0.946515397082658
1288617301, 0.973654066437572
1288617601, 0.98805256869773
1288617901, 0.963165075034106
1288618201, 0.933940774487471
1288618501, 0.949946751863685
1288618801, 0.972644376899696
1288619101, 0.963975155279503
1288619401, 0.971056439942113
1288619701, 0.961595273264402
1288620001, 0.933560477001704
1288620301, 0.963656387665198
1288620602, 0.971569839307787
1288620901, 0.946153846153846
1288621201, 0.9792663476874
1288621501, 0.939393939393939
1288621801, 0.963636363636364
1288622101, 0.957274826789838
1288622401, 0.960729312762973
1288622701, 0.977922077922078
1288623001, 0.961963190184049
1288623301, 0.974723538704581
1288623601, 0.977952755905512
1288623901, 0.96514745308311
1288624201, 0.968181818181818
1288624501, 0.957264957264957
1288624801, 0.958677685950413
1288625101, 0.982046678635548
1288625401, 0.964941569282137
1288625701, 0.96987087517934
1288626001, 0.973015873015873
1288626301, 0.93719806763285
1288626601, 0.985207100591716
1288626901, 0.976694915254237
1288627201, 0.93978102189781
1288627501, 0.977777777777778
1288627801, 0.944690265486726
1288628101, 0.939130434782609
1288628401, 0.94647201946472
1288628701, 0.927312775330396
1288629002, 0.949308755760369
1288629301, 0.935950413223141
1288629601, 0.961711711711712
1288629901, 0.96039603960396
1288630201, 0.967811158798283
1288630502, 0.965831435079727
1288630801, 0.968523002421308
1288631101, 0.966597077244259
1288631401, 0.946524064171123
1288631701, 0.931372549019608
1288632001, 0.914956011730205
1288632301, 0.923076923076923
1288632601, 0.94579945799458
1288632901, 0.917127071823204
1288633201, 0.888524590163934
1288633501, 0.959128065395095
1288633801, 0.971830985915493
1288634101, 0.921501706484642
1288634401, 0.924590163934426
1288634701, 0.930167597765363
1288635001, 0.891791044776119
1288635301, 0.921052631578947
1288635601, 0.93040293040293
1288635901, 0.914414414414414
1288636201, 0.881632653061225
1288636501, 0.931451612903226
1288636801, 0.957446808510638
1288637101, 0.967889908256881
1288637401, 0.968888888888889
1288637701, 0.91025641025641
1288638001, 0.829545454545455
1288638301, 0.945945945945946
1288638601, 0.979166666666667
1288638901, 0.961290322580645
1288639201, 0.954285714285714
1288639501, 0.932835820895522
1288639801, 0.914728682170543
1288640101, 0.968944099378882
1288640401, 0.948529411764706
1288640701, 0.956521739130435
1288641001, 0.96551724137931
1288641302, 0.945736434108527
1288641601, 0.967741935483871
1288641901, 0.949275362318841
1288642201, 0.935251798561151
1288642501, 0.94488188976378
1288642801, 0.935251798561151
1288643101, 0.954545454545455
1288643401, 0.880733944954128
1288643701, 0.962686567164179
1288644001, 0.848837209302326
1288644301, 0.989473684210526
1288644601, 0.920353982300885
1288644901, 0.981651376146789
1288645201, 0.942307692307692
1288645501, 0.985074626865672
1288645801, 0.990384615384615
1288646101, 0.975609756097561
1288646401, 0.935779816513762
1288646701, 0.973451327433628
1288647002, 0.975409836065574
1288647301, 0.962121212121212
1288647602, 0.943181818181818
1288647901, 1.0
1288648201, 0.941176470588235
1288648501, 0.936842105263158
1288648802, 0.979381443298969
1288649101, 0.960629921259842
1288649401, 0.928571428571429
1288649701, 0.951219512195122
1288650001, 1.0
1288650301, 0.947368421052632
1288650601, 0.904761904761905
1288650901, 0.956989247311828
1288651201, 0.927272727272727
1288651501, 0.984848484848485
1288651801, 0.95
1288652101, 0.974683544303797
1288652401, 0.9625
1288652702, 0.957746478873239
1288653001, 0.955555555555556
1288653301, 1.0
1288653601, 0.924050632911392
1288653901, 0.96969696969697
1288654201, 0.95
1288654501, 0.983333333333333
1288654801, 1.0
1288655102, 0.940298507462687
1288655401, 1.0
1288655701, 1.0
1288656001, 1.0
1288656301, 0.971014492753623
1288656601, 0.984615384615385
1288656901, 0.980392156862745
1288657201, 0.983333333333333
1288657501, 0.95
1288657801, 1.0
1288658101, 1.0
1288658401, 1.0
1288658701, 1.0
1288659001, 0.978723404255319
1288659301, 1.0
1288659601, 1.0
1288659901, 1.0
1288660201, 0.979591836734694
1288660501, 1.0
1288660801, 0.964912280701754
1288661101, 0.975609756097561
1288661401, 1.0
1288661701, 0.982142857142857
1288662001, 1.0
1288662301, 0.982758620689655
1288662602, 1.0
1288662901, 0.933333333333333
1288663201, 1.0
1288663501, 1.0
1288663801, 1.0
1288664101, 1.0
1288664401, 0.981481481481482
1288664701, 0.951219512195122
1288665001, 0.979166666666667
1288665301, 1.0
1288665601, 1.0
1288665902, 0.96
1288666201, 1.0
1288666502, 1.0
1288666801, 1.0
1288667101, 0.980392156862745
1288667401, 1.0
1288667702, 0.976744186046512
1288668001, 1.0
1288668301, 1.0
1288668601, 1.0
1288668901, 1.0
1288669201, 1.0
1288669501, 1.0
1288669801, 1.0
1288670101, 1.0
1288670401, 1.0
1288670701, 1.0
1288671001, 0.96551724137931
1288671301, 1.0
1288671601, 1.0
1288671901, 1.0
1288672201, 1.0
1288672501, 1.0
1288672801, 1.0
1288673101, 1.0
1288673401, 0.962264150943396
1288673701, 1.0
1288674001, 1.0
1288674301, 0.980769230769231
1288674601, 1.0
1288674901, 1.0
1288675201, 0.974358974358974
1288675501, 1.0
1288675802, 1.0
1288676101, 1.0
1288676402, 1.0
1288676701, 1.0
1288677001, 1.0
1288677301, 1.0
1288677601, 1.0
1288677901, 1.0
1288678201, 1.0
1288678501, 0.916666666666667
1288678801, 0.940298507462687
1288679101, 0.982758620689655
1288679401, 0.945205479452055
1288679702, 0.982142857142857
1288680001, 1.0
1288680301, 0.973684210526316
1288680601, 1.0
1288680901, 1.0
1288681201, 0.979591836734694
1288681501, 0.995555555555556
1288681801, 0.983516483516483
1288682101, 0.98
1288682401, 0.96969696969697
1288682701, 0.978181818181818
1288683001, 0.949295774647887
1288683301, 0.958762886597938
1288683601, 0.975609756097561
1288683901, 0.971649484536082
1288684201, 0.965299684542587
1288684501, 0.984496124031008
1288684801, 0.982942430703625
1288685101, 0.979166666666667
1288685401, 0.968932038834951
1288685701, 0.974609375
1288686001, 0.968253968253968
1288686301, 0.965073529411765
1288686601, 0.960843373493976
1288686901, 0.972402597402597
1288687202, 0.9625520110957
1288687501, 0.976744186046512
1288687802, 0.990532544378698
1288688101, 0.977719528178244
1288688401, 0.945364238410596
1288688701, 0.971951219512195
1288689001, 0.970725995316159
1288689301, 0.968526466380544
1288689601, 0.957369062119367
1288689901, 0.959514170040486
1288690201, 0.966618287373004
1288690501, 0.961290322580645
1288690801, 0.965128205128205
1288691101, 0.970982142857143
1288691401, 0.973118279569892
1288691701, 0.957511380880121
1288692001, 0.956730769230769
1288692301, 0.972151898734177
1288692601, 0.952755905511811
1288692901, 0.97244094488189
1288693201, 0.96353591160221
1288693501, 0.97117296222664
1288693801, 0.964435146443515
1288694101, 0.961187214611872
1288694401, 0.985698569856986
1288694701, 0.970091027308192
1288695001, 0.958646616541353
1288695301, 0.959409594095941
1288695601, 0.935616438356164
1288695901, 0.931468531468531
1288696201, 0.926470588235294
1288696501, 0.941785252263907
1288696801, 0.945373467112598
1288697101, 0.936997319034853
1288697401, 0.940902021772939
1288697701, 0.943342776203966
1288698001, 0.929032258064516
1288698301, 0.886247877758913
1288698601, 0.939968404423381
1288698901, 0.951219512195122
1288699201, 0.942825112107623
1288699501, 0.964444444444444
1288699801, 0.976510067114094
1288700101, 0.996277915632754
1288700401, 0.980544747081712
1288700701, 0.993421052631579
1288701001, 0.996108949416342
1288701301, 0.967551622418879
1288701601, 0.935028248587571
1288701901, 0.942028985507246
1288702201, 0.983970406905055
1288702501, 0.980028530670471
1288702801, 0.95139911634757
1288703101, 0.941875825627477
1288703401, 0.983640081799591
1288703701, 0.959701492537313
1288704001, 0.967821782178218
1288704301, 0.965801886792453
1288704601, 0.958778625954198
1288704901, 0.955029585798817
1288705201, 0.959913326110509
1288705501, 0.961489088575096
1288705801, 0.959899749373434
1288706101, 0.967459324155194
1288706401, 0.968619246861925
1288706701, 0.981206726013848
1288707001, 0.962239583333333
1288707301, 0.968688845401174
1288707601, 0.981684981684982
1288707901, 0.973651191969887
1288708201, 0.949175824175824
1288708501, 0.950913242009132
1288708801, 0.966512702078522
1288709101, 0.96356783919598
1288709401, 0.949941792782305
1288709701, 0.971812080536913
1288710001, 0.962373371924747
1288710301, 0.956909361069837
1288710602, 0.954943679599499
1288710901, 0.948529411764706
1288711201, 0.960280373831776
1288711501, 0.970775095298602
1288711801, 0.938582677165354
1288712101, 0.956989247311828
1288712401, 0.970167064439141
1288712701, 0.948170731707317
1288713001, 0.906569343065693
1288713301, 0.958689458689459
1288713602, 0.965853658536585
1288713901, 0.976421636615811
1288714201, 0.933447098976109
1288714501, 0.956944444444444
1288714801, 0.954727030625832
1288715101, 0.915
1288715401, 0.925266903914591
1288715701, 0.905454545454545
1288716001, 0.947069943289225
1288716301, 0.904081632653061
1288716601, 0.914814814814815
1288716901, 0.927385892116183
1288717201, 0.946236559139785
1288717501, 0.922155688622755
1288717801, 0.919308357348703
1288718101, 0.953917050691244
1288718401, 0.93646408839779
1288718701, 0.938534278959811
1288719001, 0.887700534759358
1288719301, 0.942796610169492
1288719601, 0.920886075949367
1288719901, 0.912832929782082
1288720201, 0.957286432160804
1288720501, 0.934426229508197
1288720801, 0.919786096256685
1288721101, 0.906417112299465
1288721401, 0.974729241877256
1288721701, 0.879598662207358
1288722001, 0.932692307692308
1288722301, 0.915929203539823
1288722601, 0.93
1288722901, 0.960725075528701
1288723201, 0.931726907630522
1288723501, 0.902140672782875
1288723801, 0.948096885813149
1288724101, 0.984555984555985
1288724401, 0.957983193277311
1288724701, 0.956678700361011
1288725001, 0.962790697674419
1288725301, 0.911214953271028
1288725601, 0.936974789915966
1288725901, 0.943396226415094
1288726201, 0.944223107569721
1288726501, 0.884615384615385
1288726801, 0.927710843373494
1288727101, 0.958549222797927
1288727401, 0.92485549132948
1288727701, 0.951048951048951
1288728001, 0.955
1288728301, 1.0
1288728601, 0.954838709677419
1288728901, 0.974842767295597
1288729201, 0.984042553191489
1288729501, 0.948529411764706
1288729801, 0.926380368098159
1288730101, 0.976851851851852
1288730401, 0.953125
1288730701, 0.955056179775281
1288731001, 0.95
1288731301, 0.985507246376812
1288731601, 0.965116279069767
1288731901, 0.904191616766467
1288732202, 0.976190476190476
1288732501, 0.983333333333333
1288732801, 0.967567567567568
1288733101, 0.888888888888889
1288733401, 0.977611940298508
1288733701, 0.941176470588235
1288734001, 0.949579831932773
1288734301, 0.89051094890511
1288734601, 0.959349593495935
1288734901, 0.895652173913044
1288735201, 0.884615384615385
1288735501, 0.946428571428571
1288735801, 0.962962962962963
1288736102, 0.953125
1288736401, 0.985611510791367
1288736701, 0.925531914893617
1288737001, 0.926315789473684
1288737301, 0.92156862745098
1288737601, 0.9375
1288737901, 0.971153846153846
1288738201, 0.918604651162791
1288738501, 0.948979591836735
1288738801, 0.873417721518987
1288739101, 0.963302752293578
1288739401, 1.0
1288739701, 0.954545454545455
1288740001, 0.975903614457831
1288740301, 0.956521739130435
1288740601, 1.0
1288740901, 0.909090909090909
1288741201, 0.985714285714286
1288741501, 0.985294117647059
1288741801, 0.984126984126984
1288742101, 0.973333333333333
1288742401, 1.0
1288742701, 1.0
1288743001, 1.0
1288743301, 0.966101694915254
1288743601, 0.912280701754386
1288743901, 0.952380952380952
1288744201, 1.0
1288744501, 0.967741935483871
1288744801, 0.955882352941177
1288745101, 1.0
1288745401, 0.983606557377049
1288745701, 0.96875
1288746001, 0.96
1288746301, 0.944444444444444
1288746601, 0.983870967741935
1288746901, 1.0
1288747201, 1.0
1288747501, 0.984126984126984
1288747801, 1.0
1288748101, 1.0
1288748401, 0.985714285714286
1288748701, 1.0
1288749001, 1.0
1288749301, 1.0
1288749602, 1.0
1288749901, 0.925
1288750201, 1.0
1288750501, 1.0
1288750801, 1.0
1288751101, 0.977777777777778
1288751401, 1.0
1288751701, 1.0
1288752001, 1.0
1288752301, 1.0
1288752601, 0.96875
1288752901, 1.0
1288753201, 0.977777777777778
1288753501, 1.0
1288753801, 1.0
1288754101, 1.0
1288754401, 0.972222222222222
1288754701, 1.0
1288755001, 1.0
1288755301, 0.86046511627907
1288755601, 1.0
1288755901, 1.0
1288756201, 1.0
1288756501, 1.0
1288756801, 1.0
1288757101, 1.0
1288757401, 1.0
1288757701, 0.986301369863014
1288758001, 0.935483870967742
1288758301, 1.0
1288758601, 1.0
1288758901, 1.0
1288759201, 0.907407407407407
1288759501, 0.844827586206897
1288759801, 1.0
1288760101, 1.0
1288760401, 1.0
1288760701, 1.0
1288761001, 1.0
1288761301, 1.0
1288761601, 1.0
1288761901, 1.0
1288762201, 1.0
1288762501, 0.966666666666667
1288762801, 1.0
1288763101, 1.0
1288763401, 1.0
1288763701, 1.0
1288764001, 1.0
1288764301, 1.0
1288764601, 1.0
1288764901, 1.0
1288765201, 1.0
1288765501, 1.0
1288765801, 1.0
1288766101, 0.965116279069767
1288766401, 0.982905982905983
1288766701, 0.990476190476191
1288767001, 1.0
1288767301, 0.994897959183674
1288767601, 0.987654320987654
1288767901, 0.994082840236686
1288768201, 0.974820143884892
1288768501, 0.983673469387755
1288768801, 0.996124031007752
1288769101, 0.961995249406176
1288769401, 0.980555555555556
1288769701, 0.963963963963964
1288770001, 0.98501872659176
1288770301, 0.971563981042654
1288770601, 0.978640776699029
1288770901, 0.988593155893536
1288771201, 0.983758700696056
1288771501, 0.995926680244399
1288771801, 0.980891719745223
1288772101, 0.965437788018433
1288772401, 0.975714285714286
1288772701, 0.970588235294118
1288773001, 0.975609756097561
1288773301, 0.952461799660441
1288773601, 0.980456026058632
1288773901, 0.977272727272727
1288774201, 0.947666195190948
1288774501, 0.929824561403509
1288774801, 0.955007256894049
1288775101, 0.964723926380368
1288775401, 0.968481375358166
1288775701, 0.958481613285884
1288776001, 0.945911949685535
1288776301, 0.951111111111111
1288776601, 0.948004836759371
1288776901, 0.972345132743363
1288777201, 0.96652719665272
1288777501, 0.93951093951094
1288777801, 0.927554980595084
1288778101, 0.96600566572238
1288778401, 0.965237543453071
1288778701, 0.963196635120925
1288779001, 0.957700650759219
1288779301, 0.964891041162228
1288779601, 0.982419855222337
1288779901, 0.990543735224586
1288780201, 0.954497354497355
1288780501, 0.954285714285714
1288780801, 0.957183634633682
1288781101, 0.930939226519337
1288781401, 0.961024498886414
1288781701, 0.970198675496689
1288782001, 0.917910447761194
1288782301, 0.95983379501385
1288782601, 0.900537634408602
1288782901, 0.950558213716108
1288783201, 0.898550724637681
1288783501, 0.938157894736842
1288783801, 0.919811320754717
1288784101, 0.95
1288784401, 0.957317073170732
1288784701, 0.943425076452599
1288785001, 0.953147877013177
1288785301, 0.962382445141066
1288785601, 0.979522184300341
1288785901, 0.95357590966123
1288786201, 0.968604651162791
1288786501, 0.952651515151515
1288786801, 0.968944099378882
1288787101, 0.951219512195122
1288787401, 0.945378151260504
1288787701, 0.948616600790514
1288788001, 0.960698689956332
1288788301, 0.980722891566265
1288788601, 0.961212121212121
1288788901, 0.962162162162162
1288789201, 0.982897384305835
1288789501, 0.970066518847007
1288789801, 0.952158693115519
1288790101, 0.959036144578313
1288790401, 0.957026713124274
1288790701, 0.954646017699115
1288791001, 0.956740442655936
1288791301, 0.95697796432319
1288791601, 0.965564738292011
1288791901, 0.955205811138015
1288792201, 0.959156785243742
1288792501, 0.96144578313253
1288792801, 0.97539975399754
1288793101, 0.951859956236324
1288793401, 0.985594237695078
1288793701, 0.972327044025157
1288794001, 0.969362745098039
1288794301, 0.962703962703963
1288794601, 0.973067915690866
1288794901, 0.979737783075089
1288795201, 0.969044414535666
1288795501, 0.972508591065292
1288795801, 0.977707006369427
1288796101, 0.96043656207367
1288796401, 0.967213114754098
1288796701, 0.970046082949309
1288797001, 0.96662830840046
1288797301, 0.959531416400426
1288797601, 0.9593147751606
1288797901, 0.944920440636475
1288798201, 0.935118434603502
1288798501, 0.956962025316456
1288798801, 0.960099750623441
1288799101, 0.952996474735605
1288799401, 0.944380069524913
1288799701, 0.938176197836167
1288800001, 0.950617283950617
1288800301, 0.93140243902439
1288800601, 0.940397350993378
1288800901, 0.952789699570815
1288801201, 0.936551724137931
1288801501, 0.932238193018481
1288801801, 0.921686746987952
1288802101, 0.928682170542636
1288802401, 0.950284090909091
1288802701, 0.96301775147929
1288803001, 0.913494809688581
1288803301, 0.935135135135135
1288803601, 0.932432432432432
1288803901, 0.929889298892989
1288804201, 0.916155419222904
1288804501, 0.908745247148289
1288804801, 0.933747412008282
1288805102, 0.918158567774936
1288805401, 0.920844327176781
1288805702, 0.905982905982906
1288806001, 0.933544303797468
1288806301, 0.908466819221968
1288806601, 0.938118811881188
1288806901, 0.938775510204082
1288807201, 0.911764705882353
1288807501, 0.946708463949843
1288807801, 0.952029520295203
1288808101, 0.957198443579767
1288808401, 0.899022801302932
1288808701, 0.926027397260274
1288809001, 0.949152542372881
1288809301, 0.960144927536232
1288809601, 0.9581589958159
1288809901, 0.946428571428571
1288810201, 0.94392523364486
1288810501, 0.9625
1288810801, 0.974820143884892
1288811101, 0.96031746031746
1288811401, 0.949640287769784
1288811701, 0.952191235059761
1288812001, 0.965384615384615
1288812301, 0.953367875647668
1288812601, 0.981549815498155
1288812901, 0.964601769911504
1288813201, 0.951111111111111
1288813501, 0.966346153846154
1288813801, 0.857758620689655
1288814101, 0.954081632653061
1288814401, 0.927461139896373
1288814701, 0.954081632653061
1288815001, 0.963302752293578
1288815301, 0.972222222222222
1288815601, 0.972527472527473
1288815901, 0.950819672131147
1288816201, 0.96
1288816501, 0.961538461538462
1288816801, 0.941176470588235
1288817101, 0.993865030674847
1288817401, 0.945578231292517
1288817701, 0.940828402366864
1288818001, 0.941176470588235
1288818301, 0.967741935483871
1288818601, 0.967741935483871
1288818901, 0.987421383647799
1288819201, 0.974789915966387
1288819501, 0.936708860759494
1288819801, 1.0
1288820101, 0.910569105691057
1288820401, 0.972477064220184
1288820701, 0.97037037037037
1288821001, 0.976377952755906
1288821301, 1.0
1288821601, 0.988023952095808
1288821901, 1.0
1288822201, 0.98
1288822501, 0.96875
1288822801, 0.963414634146341
1288823101, 0.963963963963964
1288823401, 0.881818181818182
1288823701, 0.96039603960396
1288824001, 0.958333333333333
1288824301, 0.982300884955752
1288824601, 0.868421052631579
1288824901, 0.969072164948454
1288825201, 1.0
1288825501, 0.968421052631579
1288825801, 0.956043956043956
1288826101, 0.961165048543689
1288826401, 0.975308641975309
1288826701, 0.97979797979798
1288827001, 0.985915492957746
1288827301, 0.948717948717949
1288827601, 1.0
1288827901, 0.951219512195122
1288828201, 0.896551724137931
1288828501, 0.914285714285714
1288828801, 0.975
1288829101, 0.98989898989899
1288829401, 0.969230769230769
1288829701, 0.990291262135922
1288830001, 0.969230769230769
1288830301, 1.0
1288830601, 0.9875
1288830901, 0.94047619047619
1288831201, 0.984615384615385
1288831501, 0.930232558139535
1288831801, 0.933333333333333
1288832101, 1.0
1288832401, 0.983606557377049
1288832701, 1.0
1288833001, 0.883333333333333
1288833301, 0.985714285714286
1288833601, 0.966666666666667
1288833901, 0.923076923076923
1288834201, 0.967741935483871
1288834501, 0.876923076923077
1288834801, 0.983050847457627
1288835101, 0.96875
1288835401, 0.959183673469388
1288835702, 1.0
1288836001, 0.982758620689655
1288836301, 1.0
1288836601, 0.984615384615385
1288836901, 0.945454545454545
1288837201, 1.0
1288837501, 1.0
1288837801, 0.980769230769231
1288838101, 0.978260869565217
1288838401, 0.96551724137931
1288838701, 0.96
1288839001, 0.954545454545455
1288839301, 1.0
1288839601, 1.0
1288839901, 0.943396226415094
1288840201, 0.982142857142857
1288840501, 1.0
1288840801, 0.981481481481482
1288841101, 1.0
1288841401, 1.0
1288841701, 0.980392156862745
1288842001, 0.982142857142857
1288842302, 0.977777777777778
1288842601, 1.0
1288842901, 1.0
1288843201, 1.0
1288843501, 1.0
1288843801, 1.0
1288844101, 1.0
1288844401, 0.980769230769231
1288844701, 1.0
1288845001, 1.0
1288845301, 0.983333333333333
1288845601, 1.0
1288845901, 1.0
1288846201, 1.0
1288846501, 1.0
1288846801, 1.0
1288847101, 1.0
1288847401, 0.983606557377049
1288847701, 1.0
1288848001, 1.0
1288848301, 0.982142857142857
1288848601, 0.933333333333333
1288848901, 0.963636363636364
1288849201, 0.983870967741935
1288849501, 1.0
1288849803, 1.0
1288850101, 0.987179487179487
1288850401, 1.0
1288851004, 1.0
1288851301, 1.0
1288851601, 1.0
1288851901, 0.965753424657534
1288852201, 0.986111111111111
1288852501, 1.0
1288852801, 0.994318181818182
1288853101, 0.968085106382979
1288853401, 0.990654205607477
1288853701, 0.978021978021978
1288854001, 1.0
1288854301, 1.0
1288854601, 0.992307692307692
1288854901, 0.985239852398524
1288855201, 0.985714285714286
1288855501, 0.979166666666667
1288855801, 0.957142857142857
1288856102, 0.953125
1288856401, 0.981260647359455
1288856701, 0.987080103359173
1288857001, 0.987762237762238
1288857301, 0.984567901234568
1288857601, 0.97027972027972
1288857901, 0.977513227513228
1288858201, 0.967625899280576
1288858502, 0.979704797047971
1288858801, 0.96138482023968
1288859101, 0.962397179788484
1288859401, 0.97752808988764
1288859701, 0.96405648267009
1288860001, 0.954320987654321
1288860301, 0.976505139500734
1288860601, 0.966352624495289
1288860902, 0.942339373970346
1288861201, 0.954239569313594
1288861501, 0.964488636363636
1288861801, 0.955423476968796
1288862101, 0.961190168175938
1288862401, 0.961019490254873
1288862701, 0.982808022922636
1288863001, 0.971232876712329
1288863303, 0.97539975399754
1288863601, 0.975979772439949
1288863901, 0.970982142857143
1288864201, 0.980994152046784
1288864501, 0.97609561752988
1288864801, 0.947089947089947
1288865101, 0.978555304740406
1288865401, 0.983818770226537
1288865701, 0.949471210340776
1288866001, 0.97752808988764
1288866301, 0.96985446985447
1288866601, 0.967289719626168
1288866901, 0.969230769230769
1288867201, 0.957
1288867501, 0.95361380798274
1288867801, 0.936383928571429
1288868101, 0.944272445820433
1288868401, 0.948179271708683
1288868701, 0.92969696969697
1288869001, 0.955176093916756
1288869301, 0.939546599496222
1288869602, 0.941676792223572
1288869901, 0.911688311688312
1288870201, 0.957446808510638
1288870501, 0.936291240045506
1288870801, 0.94047619047619
1288871101, 0.949506037321625
1288871401, 0.947368421052632
1288871701, 0.926093514328808
1288872001, 0.952325581395349
1288872301, 0.95159386068477
1288872601, 0.9667616334283
1288872901, 0.952007835455436
1288873201, 0.960144927536232
1288873501, 0.970948012232416
1288873801, 0.962676962676963
1288874101, 0.96871945259042
1288874401, 0.940318302387268
1288874701, 0.936774193548387
1288875001, 0.956521739130435
1288875301, 0.981937602627258
1288875601, 0.961407491486947
1288875901, 0.957954545454546
1288876201, 0.981299212598425
1288876501, 0.962868117797695
1288876801, 0.979706877113867
1288877101, 0.984375
1288877401, 0.947096774193548
1288877702, 0.97678916827853
1288878001, 0.939759036144578
1288878301, 0.969348659003831
1288878601, 0.941015089163237
1288878901, 0.985714285714286
1288879201, 0.969915764139591
1288879501, 0.9718456725756
1288879802, 0.965599051008304
1288880101, 0.943225806451613
1288880401, 0.969365426695842
1288880701, 0.981225296442688
1288881001, 0.978632478632479
1288881301, 0.974459724950884
1288881601, 0.972249752229931
1288881901, 0.974457215836526
1288882202, 0.956161137440758
1288882501, 0.948232323232323
1288882801, 0.956149732620321
1288883101, 0.952618453865337
1288883401, 0.971153846153846
1288883701, 0.951732673267327
1288884001, 0.974358974358974
1288884301, 0.962078651685393
1288884601, 0.945333333333333
1288884901, 0.946070878274268
1288885201, 0.961496149614962
1288885501, 0.965079365079365
1288885801, 0.949052132701422
1288886101, 0.965879265091864
1288886401, 0.967914438502674
1288886701, 0.972668810289389
1288887001, 0.959798994974874
1288887301, 0.975609756097561
1288887601, 0.918196994991653
1288887901, 0.944532488114105
1288888201, 0.938053097345133
1288888501, 0.955974842767296
1288888801, 0.901993355481728
1288889101, 0.958923512747875
1288889401, 0.948717948717949
1288889701, 0.913223140495868
1288890001, 0.95069033530572
1288890301, 0.91264367816092
1288890601, 0.941043083900227
1288890901, 0.935314685314685
1288891201, 0.963636363636364
1288891501, 0.970027247956403
1288891801, 0.943298969072165
1288892102, 0.92156862745098
1288892401, 0.904458598726115
1288892701, 0.908854166666667
1288893001, 0.92814371257485
1288893301, 0.915211970074813
1288893601, 0.932692307692308
1288893901, 0.895973154362416
1288894201, 0.922077922077922
1288894501, 0.910852713178295
1288894801, 0.904593639575972
1288895101, 0.849315068493151
1288895401, 0.822784810126582
1288895701, 0.941176470588235
1288896001, 0.926470588235294
1288896301, 0.891752577319588
1288896601, 0.95609756097561
1288896901, 0.978902953586498
1288897201, 0.9375
1288897501, 0.965317919075145
1288897801, 0.981132075471698
1288898101, 0.921465968586387
1288898402, 0.94413407821229
1288898701, 0.936507936507937
1288899001, 0.959677419354839
1288899301, 0.935714285714286
1288899601, 0.939226519337017
1288899901, 0.925531914893617
1288900201, 0.957142857142857
1288900501, 0.961038961038961
1288900801, 0.993827160493827
1288901101, 0.974358974358974
1288901401, 0.980392156862745
1288901701, 0.961832061068702
1288902001, 0.980952380952381
1288902301, 0.975757575757576
1288902601, 0.931506849315068
1288902901, 0.973154362416107
1288903201, 0.953333333333333
1288903501, 0.946564885496183
1288903801, 0.942446043165468
1288904101, 0.986394557823129
1288904401, 0.95625
1288904701, 0.905511811023622
1288905001, 0.980952380952381
1288905301, 0.962264150943396
1288905601, 0.96969696969697
1288905901, 0.943396226415094
1288906201, 0.900826446280992
1288906501, 0.936170212765957
1288906801, 0.98936170212766
1288907101, 0.9625
1288907401, 0.972727272727273
1288907701, 0.983739837398374
1288908001, 0.917525773195876
1288908301, 0.907216494845361
1288908601, 0.929292929292929
1288908901, 1.0
1288909201, 0.981818181818182
1288909501, 0.91
1288909801, 0.875
1288910101, 0.987341772151899
1288910401, 0.990476190476191
1288910701, 0.938461538461538
1288911001, 0.883116883116883
1288911301, 0.977777777777778
1288911601, 1.0
1288911901, 0.981132075471698
1288912201, 0.977777777777778
1288912501, 0.943820224719101
1288912801, 0.984375
1288913101, 0.959459459459459
1288913401, 1.0
1288913701, 0.984615384615385
1288914001, 0.987012987012987
1288914302, 1.0
1288914601, 0.901639344262295
1288914902, 0.984375
1288915201, 0.96875
1288915501, 0.964912280701754
1288915801, 0.983870967741935
1288916101, 0.931818181818182
1288916401, 1.0
1288916701, 0.981818181818182
1288917001, 0.952380952380952
1288917301, 0.966101694915254
1288917601, 1.0
1288917901, 0.906976744186046
1288918201, 0.96875
1288918501, 0.982456140350877
1288918801, 1.0
1288919101, 1.0
1288919401, 1.0
1288919701, 1.0
1288920001, 0.95
1288920301, 0.971428571428571
1288920601, 0.955555555555556
1288920901, 0.9
1288921201, 0.932432432432432
1288921501, 0.976190476190476
1288921801, 0.981481481481482
1288922101, 1.0
1288922401, 1.0
1288922701, 0.977777777777778
1288923001, 1.0
1288923302, 0.981481481481482
1288923601, 0.901960784313726
1288923901, 1.0
1288924201, 0.933333333333333
1288924501, 1.0
1288924802, 1.0
1288925101, 1.0
1288925401, 0.952380952380952
1288925701, 1.0
1288926001, 0.981132075471698
1288926301, 1.0
1288926601, 1.0
1288926901, 1.0
1288927201, 0.976190476190476
1288927501, 0.959183673469388
1288927801, 0.9375
1288928101, 1.0
1288928401, 1.0
1288928701, 0.9375
1288929001, 0.96078431372549
1288929301, 1.0
1288929601, 1.0
1288929901, 1.0
1288930201, 1.0
1288930501, 1.0
1288930801, 1.0
1288931101, 1.0
1288931401, 0.981481481481482
1288931701, 1.0
1288932001, 1.0
1288932301, 1.0
1288932601, 1.0
1288932901, 0.961538461538462
1288933201, 1.0
1288933501, 0.962264150943396
1288933801, 0.979166666666667
1288934101, 1.0
1288934401, 0.947368421052632
1288934701, 1.0
1288935001, 0.821428571428571
1288935301, 1.0
